Robert,Kale,Female,2,1986-01-30,Lawyer
John,Drinkle,Male,3,1986-01-30,Lawyer
Karen,Drinkle,Female,1,1986-01-30,Accountant
Steve,Oza,Female,4,2013-11-24,Mechanic
Elizabeth,Oza,Male,1,2002-09-13,Mechanic
Elizabeth,Kale,Female,2,2007-02-02,Accountant
Robert,Oza,Male,1,1986-01-30,Accountant
Cathy,Oza,Male,5,2007-02-02,Lawyer
Elizabeth,Shah,Female,5,2002-09-13,Doctor
Max,Maly,Female,1,1986-01-30,Doctor
John,Oza,Male,1,2002-09-13,Doctor
Robert,Hench,Female,5,1986-01-30,Lawyer
Max,Drinkle,Male,5,2013-11-24,Lawyer
Robert,Shah,Male,4,2006-09-26,Mechanic
Steve,Oza,Female,6,2007-02-02,Mechanic
Max,Maly,Female,3,2007-02-02,Mechanic
Max,Kale,Female,4,2006-09-26,Mechanic
Max,Shah,Male,2,2013-11-24,Accountant
Steve,Maly,Female,4,1986-01-30,Mechanic
Robert,Shah,Male,2,2013-11-24,Accountant
Elizabeth,Drinkle,Male,5,2006-09-26,Lawyer
Elizabeth,Oza,Male,1,1986-01-30,Mechanic
Elizabeth,Oza,Female,3,1986-01-30,Doctor
Robert,Oza,Male,6,2002-09-13,Mechanic
Karen,Oza,Female,2,2013-11-24,Mechanic
Steve,Shah,Male,6,2002-09-13,Doctor
Elizabeth,Maly,Female,2,2002-09-13,Doctor
John,Drinkle,Male,2,2006-09-26,Doctor
John,Kale,Female,3,1986-01-30,Doctor
Steve,Maly,Female,2,2006-09-26,Lawyer
Cathy,Kale,Male,1,1986-01-30,Lawyer
John,Hench,Female,2,2007-02-02,Mechanic
Robert,Maly,Female,2,1986-01-30,Accountant
Max,Hench,Female,6,2002-09-13,Lawyer
Max,Drinkle,Female,3,2013-11-24,Lawyer
Steve,Oza,Male,6,2006-09-26,Lawyer
Elizabeth,Shah,Female,1,2007-02-02,Lawyer
Max,Kale,Female,4,2006-09-26,Lawyer
Cathy,Shah,Male,6,1986-01-30,Accountant
Max,Oza,Male,1,2007-02-02,Lawyer
Elizabeth,Drinkle,Male,6,2013-11-24,Accountant
Steve,Shah,Female,6,2002-09-13,Mechanic
Max,Maly,Female,5,2013-11-24,Mechanic
Cathy,Oza,Male,1,1986-01-30,Mechanic
John,Shah,Female,2,1986-01-30,Accountant
Cathy,Kale,Female,1,1986-01-30,Accountant
John,Hench,Female,4,2007-02-02,Mechanic
Robert,Kale,Male,6,2013-11-24,Mechanic
Karen,Oza,Female,1,2002-09-13,Accountant
Robert,Shah,Female,4,2002-09-13,Doctor
Karen,Maly,Female,1,2013-11-24,Doctor
Max,Shah,Male,2,2006-09-26,Mechanic
John,Maly,Female,6,2006-09-26,Mechanic
Karen,Kale,Female,1,2013-11-24,Accountant
John,Oza,Male,4,2002-09-13,Accountant
Karen,Hench,Male,6,2013-11-24,Lawyer
John,Hench,Male,1,1986-01-30,Accountant
John,Shah,Female,5,2013-11-24,Mechanic
Elizabeth,Drinkle,Male,4,2002-09-13,Lawyer
Steve,Kale,Male,2,2013-11-24,Lawyer
Cathy,Hench,Female,1,1986-01-30,Doctor
John,Maly,Male,6,2013-11-24,Mechanic
Karen,Hench,Male,5,2007-02-02,Mechanic
Steve,Oza,Male,2,1986-01-30,Mechanic
Robert,Maly,Male,2,2007-02-02,Lawyer
Karen,Kale,Male,4,2006-09-26,Lawyer
Karen,Kale,Female,6,2006-09-26,Mechanic
John,Oza,Female,3,1986-01-30,Lawyer
Cathy,Oza,Male,5,1986-01-30,Accountant
Cathy,Shah,Male,2,2006-09-26,Doctor
Max,Kale,Male,1,1986-01-30,Accountant
Robert,Shah,Male,2,2002-09-13,Lawyer
Robert,Maly,Male,5,2013-11-24,Mechanic
Elizabeth,Hench,Male,6,2007-02-02,Accountant
John,Shah,Female,4,1986-01-30,Mechanic
Karen,Maly,Female,4,2007-02-02,Accountant
Robert,Oza,Male,3,2006-09-26,Doctor
John,Shah,Male,4,2013-11-24,Lawyer
Steve,Oza,Female,3,2007-02-02,Accountant
Cathy,Oza,Female,6,1986-01-30,Mechanic
Elizabeth,Shah,Male,2,2007-02-02,Mechanic
Robert,Maly,Female,4,1986-01-30,Mechanic
Karen,Shah,Male,2,2002-09-13,Lawyer
John,Kale,Male,3,2002-09-13,Doctor
Robert,Kale,Male,3,2007-02-02,Mechanic
Karen,Shah,Male,5,2006-09-26,Accountant
Max,Kale,Male,2,2007-02-02,Accountant
Karen,Shah,Female,6,1986-01-30,Doctor
Cathy,Hench,Male,6,2007-02-02,Accountant
Elizabeth,Maly,Female,1,2006-09-26,Lawyer
John,Hench,Female,4,2007-02-02,Doctor
Robert,Oza,Female,5,2013-11-24,Accountant
Cathy,Shah,Female,1,2006-09-26,Mechanic
Robert,Kale,Female,6,1986-01-30,Mechanic
Elizabeth,Kale,Male,5,2013-11-24,Doctor
Cathy,Maly,Male,5,2006-09-26,Doctor
Steve,Drinkle,Female,2,2007-02-02,Accountant
Robert,Drinkle,Female,6,2002-09-13,Lawyer
Karen,Maly,Male,6,2006-09-26,Doctor
Karen,Maly,Male,1,2002-09-13,Doctor